"country","source_location_name","source_location_id","latitude","longitude","counting"
"Rwanda","SONATUBE MEGA-SWAP STATION","RW-SS-0002667","-1.967987","30.094849","220"
"Rwanda","KINAMBA MEGA-SWAP STATION","RW-SS-0002675","-1.931507","30.062658","209"
"Rwanda","BATSINDA MEGA-SWAP STATION","RW-SS-0002706","-1.911532","30.085955","123"
"Rwanda","KICUKIRO CENTER-MEGA SWAP STATION","RW-SS-0002790","-1.982028","30.103846","107"
"Rwanda","NYAMIRAMBO MEGA-SWAP STATION","RW-SS-0002666","-1.972944","30.055395","94"
"Rwanda","Gatsata Paroisse","RW-SS-0000365","-1.928326","30.046278","51"
"Rwanda","KIMIRONKO MAKITA MEGA-SWAP STATION","RW-SS-0002707","-1.944227","30.130423","41"
"Uganda","Bukoto Solar Hub","UG-SS-0002413","0.34892502","32.5976204","37"
"Rwanda","NYABUGOGO-KINAMBA","RW-SS-0000273","-1.936911","30.063818","35"
"Rwanda","NIBOYI MEGA-SWAP STATION","RW-SS-0002791","-1.978792","30.115368","34"
"Rwanda","GIKONDO MEGA-SWAP STATION","RW-SS-0002665","-1.975517","30.077051","29"
"Rwanda","ZINDIRO II_ STATION","RW-SS-0000293","-1.932028","30.143033","28"
"Rwanda","GASANZE 2-IIDEPHONSE","RW-SS-0000385","-1.886042","30.090825","23"
"Uganda","Port Bell Road","UG-SS-0000185","0.320177","32.60369","20"
"Uganda","Katosi annex","UG-SS-0002493","0.152511","32.79876","19"
"Rwanda","TOWN SKY STATION","RW-SS-0000444","-1.953239","30.057608","19"
"Uganda","Soroti warehouse","UG-SS-0001502","1.716155","33.620296","17"
"Uganda","Jinja","UG-SS-0000172","0.432898","33.210403","17"
"Rwanda","ZINDIRO","RW-SS-0000267","-1.932095","30.1421","16"
"Uganda","Kitintale","UG-SS-0000177","0.314942","32.633809","15"
"Uganda","Iganga Warehouse","UG-SS-0001085","0.613815","33.4506521","15"
"Uganda","Madibira B","UG-SS-0002602","0.462301","34.085014","13"
"Uganda","Kasubi","UG-SS-0000169","0.332496","32.553922","13"
"Rwanda","KIMIHURURA II","RW-SS-0000410","-1.955337","30.078378","12"
"Rwanda","GISOZI_CAFEE","RW-SS-0000326","-1.926675","30.056068","12"
"Uganda","Nakawa Flyover","UG-SS-0002450","0.329999","32.6138","12"
"Uganda","Mayuge","UG-SS-0001297","0.45793","33.484733","11"
"Rwanda","REMERA-RWAHAMA","RW-SS-0000401","-1.954795","30.118199","11"
"Rwanda","RWAHAMA II","RW-SS-0001068","-1.953754","30.119547","11"
"Uganda","Hass Lira","UG-SS-0000737","2.23611","32.89128","11"
"Uganda","Kirombe- Lira","UG-SS-0000851","2.267319","32.899111","10"
"Rwanda","GOOD YEAR","RW-SS-0000381","-1.9629807","30.1091302","10"
"Uganda","Muhororo","UG-SS-0002392","0.917654","30.753454","10"
"Uganda","Ntinda","UG-SS-0000191","0.354108","32.610173","10"
"Rwanda","MUMYEMBE_KIMIHURURA","RW-SS-0000227","-1.957785","30.080191","9"
"Uganda","TORORO 2","UG-SS-0002371","0.69622","34.1815","9"
"Uganda","Masaka Warehouse","UG-SS-0002403","-0.330052","31.743853","9"
"Uganda","Kinawataka","UG-SS-0000184","0.341127","32.640419","9"
"Uganda","Kamwokya","UG-SS-0000196","0.340378","32.587395","9"
"Uganda","Nakavule","UG-SS-0001460","0.612552","33.483366","9"
"Uganda","Najjera","UG-SS-0000180","0.391746","32.625446","9"
"Rwanda","NIBOYI_KICUKIRO","RW-SS-0000247","-1.979473","30.115013","9"
"Uganda","Kireka","UG-SS-0000171","0.347398","32.652123","8"
"Uganda","Petrocity Gulu","UG-SS-0000431","2.7403726","32.3039589","8"
"Rwanda","TOWN-STATISTIC","RW-SS-0001074","-1.942056","30.056829","8"
"Uganda","Lugazi","UG-SS-0000400","0.367097","32.938092","8"
"Uganda","Dabani","UG-SS-0001519","0.43211","34.049043","8"
"Uganda","Lacor","UG-SS-0001506","2.76599","32.24864","7"
"Uganda","Nateete","UG-SS-0001106","0.30119","32.53274","7"
"Uganda","Teso Bar","UG-SS-0002336","2.261125","32.906122","7"
"Rwanda","NYAKABANDA-BAOBA II","RW-SS-0001036","-1.975893","30.04321","7"
"Uganda","Kawempe","UG-SS-0000199","0.377164","32.557505","7"
"Uganda","Petrocity Kitgum","UG-SS-0000433","3.2907786","32.8816658","7"
"Uganda","Kyanja","UG-SS-0000190","0.38781","32.591386","7"
"Rwanda","NIBOYI-TABA ST JOSEPH","RW-SS-0000823","-1.980194","30.115377","7"
"Uganda","Bukedea annex","UG-SS-0002496","1.348472","34.0444","7"
"Uganda","Salaama Road","UG-SS-0000183","0.266282","32.59259","7"
"Uganda","Butikiro","UG-SS-0000175","0.306685","32.563378","7"
"Uganda","Kidongole","UG-SS-0001508","1.257943","33.975696","7"
"Rwanda","GISOZI-BERETOIRE I","RW-SS-0000561","-1.912444","30.065764","7"
"Uganda","Bombo IR YC","UG-SS-0000765","0.569622","32.530267","6"
"Uganda","Kyesiga Hoima","UG-SS-0002315","1.471234","31.341137","6"
"Uganda","Kisaasi","UG-SS-0000192","0.36978","32.603325","6"
"Uganda","Kizibu","UG-SS-0002363","1.790903","31.924139","6"
"Uganda","kakumiro Town","UG-SS-0002610","0.779814","31.324","6"
"Uganda","Kiwatule","UG-SS-0000198","0.365362","32.626399","6"
"Uganda","Kyambogo","UG-SS-0001965","0.3576809","32.6310531","6"
"Uganda","Naguru IR YC","UG-SS-0002696","0.331833","32.606","6"
"Uganda","Petro Gokhale- Jinja","UG-SS-0000569","0.43286","33.21452","6"
"Rwanda","NYARURAMA-REBERO","RW-SS-0000623","-2.0085938","30.0646267","6"
"Uganda","BUKOTO 1","UG-SS-0002457","0.35312","32.5906833","6"
"Rwanda","NYARURAMA-REEB GENERAL","RW-SS-0000594","-1.992894","30.056804","6"
"Uganda","Kagadi II","UG-SS-0002343","0.939292","30.816204","6"
"Uganda","Mbale-Palissa Rd","UG-SS-0001061","1.079749","34.163831","5"
"Uganda","Corner Kamdini","UG-SS-0001415","2.248755","32.337145","5"
"Rwanda","KAGUGU-MEREZ","RW-SS-0000454","-1.913611","30.076403","5"
"Rwanda","MIDUHA_SWAP STATION","RW-SS-0000289","-1.99716","30.050974","5"
"Uganda","Hass Kamengo","UG-SS-0000634","0.14643","32.22419","5"
"Rwanda","NYANZA_KICUKIRO","RW-SS-0000255","-2.00071","30.090142","5"
"Uganda","Tula Road","UG-SS-0001225","0.35849","32.569869","5"
"Uganda","Alango","UG-SS-0002449","3.274167","32.898038","5"
"Uganda","Kanyanya","UG-SS-0000178","0.370278","32.585656","5"
"Uganda","Tororo Warehouse","UG-SS-0001119","0.696773","34.177988","5"
"Uganda","Walukuba","UG-SS-0001421","0.441436","33.229098","5"
"Uganda","Meru Hoima","UG-SS-0000412","1.421232","31.367873","5"
"Uganda","Kibuli","UG-SS-0000187","0.305676","32.601359","5"
"Uganda","Zirobwe","UG-SS-0000361","0.6827909","32.6979358","5"
"Rwanda","KIGARAMA","RW-SS-0000235","-1.992573","30.058067","4"
"Uganda","Seeta IR YC","UG-SS-0001086","0.377795","32.709231","4"
"Uganda","Kizinda Ishaka","UG-SS-0001250","-0.539556","30.124722","4"
"Uganda","Kacumbala","UG-SS-0001511","1.214267","34.119528","4"
"Uganda","Kirinya-Bweyogere","UG-SS-0001406","0.340797","32.662277","4"
"Uganda","Mityana Annex","UG-SS-0002540","0.39811","32.052288","4"
"Uganda","kaberamaido","UG-SS-0001429","1.763635","33.153575","4"
"Uganda","Kigalama Ibanda","UG-SS-0001040","-0.111391","30.502802","4"
"Rwanda","REMERA-MIGINA","RW-SS-0000910","-1.952833","30.110075","4"
"Uganda","Mperelwe","UG-SS-0000186","0.377122","32.576278","4"
"Uganda","Bukaya - Garuga Road","UG-SS-0002290","0.092522","32.537508","4"
"Uganda","Rutookye","UG-SS-0001448","-0.521268","30.018225","4"
"Uganda","Lusalira","UG-SS-0001249","0.497271","31.285601","4"
"Uganda","Mogas Kalagi","UG-SS-0000312","0.504535","32.749652","4"
"Uganda","EUTA","UG-SS-0002202","2.975413","30.920927","4"
"Uganda","Busisi","UG-SS-0001462","1.418518","31.338939","4"
"Uganda","Nampologoma","UG-SS-0002260","0.955115","34.031658","4"
"Uganda","BUGOLOBI IR YC","UG-SS-0001318","0.319567","32.621231","4"
"Uganda","Mukono - Kusatu","UG-SS-0001407","0.392595","32.767108","4"
"Uganda","Busiu","UG-SS-0001463","0.91943","34.16107","4"
"Uganda","Petrocity Buddu","UG-SS-0000435","-0.469814","31.665124","4"
"Uganda","Kitemu - Nagalabi","UG-SS-0001224","0.263455","32.474737","4"
"Rwanda","GASANZE","RW-SS-0000302","-1.886014","30.090801","3"
"Uganda","Hoima Hub","UG-SS-0002606","1.426466","31.348678","3"
"Uganda","Kasese Almwa E-Piki","UG-SS-0000646","0.174635","30.080033","3"
"Uganda","Bundibugyo C.O.U","UG-SS-0002596","0.700143","30.063236","3"
"Uganda","Kasambira Town","UG-SS-0002410","0.789053","33.144858","3"
"Uganda","Katerera","UG-SS-0001464","-0.19681","30.17018","3"
"Uganda","Rubirizi","UG-SS-0001253","-0.286011","30.105278","3"
"Uganda","HASS Namasuba","UG-SS-0000418","0.26258","32.56701","3"
"Uganda","Rugashari","UG-SS-0002364","1.083051","30.815791","3"
"Uganda","Namugongo YC","UG-SS-0000442","0.392303","32.660523","3"
"Rwanda","KICUKIRO_SP_STATION","RW-SS-0000298","-1.985494","30.100418","3"
"Kenya","FEDHA","KE-SS-0000084","-1.313218924","36.893593695","3"
"Uganda","KABWOHE","UG-SS-0001315","-0.57669","30.363926","3"
"Uganda","Kamonkoli","UG-SS-0001041","1.07844363","34.090839","3"
"Uganda","Bwaise","UG-SS-0000640","0.3518","32.56242","3"
"Uganda","MUNYONYO IR YC","UG-SS-0002358","0.251136","32.626056","3"
"Uganda","Gayaza YC","UG-SS-0000193","0.446052","32.611403","3"
"Uganda","Kamuli Town","UG-SS-0001102","0.944013","33.120463","3"
"Uganda","KANYUM","UG-SS-0000740","1.214774","33.902709","3"
"Uganda","MEMD-Kampala Road I","UG-SS-0000176","0.313784","32.581694","3"
"Uganda","Busabala","UG-SS-0002408","0.210032","32.610569","3"
"Uganda","Kawaala","UG-SS-0000511","0.3439019","32.5475303","3"
"Rwanda","GISOZI","RW-SS-0000271","-1.914242","30.064699","3"
"Uganda","Masaka YC","UG-SS-0000201","-0.341002","31.737499","3"
"Rwanda","MUYANGE-TEQUILA","RW-SS-0000666","-1.999999","30.122871","3"
"Uganda","Jinja Road IR YC","UG-SS-0001531","0.3211764","32.5965422","3"
"Uganda","Meru Busowa Bugiri","UG-SS-0000363","0.5969166","33.706567","3"
"Uganda","Petrocity Ntinda-Bukoto road","UG-SS-0000404","0.354513","32.612419","3"
"Uganda","Namaubi B","UG-SS-0002618","0.480216","34.071276","3"
"Kenya","MWIKI RD","KE-SS-0000087","-1.235328151","36.933347666","3"
"Uganda","Lira city west","UG-SS-0000836","2.257645","32.885441","3"
"Uganda","Kiryandongo Town","UG-SS-0002362","1.874407","32.059006","3"
"Uganda","Lira Main Street","UG-SS-0002219","2.240467","32.894993","3"
"Uganda","Ocaapa","UG-SS-0001235","1.500087","33.548562","3"
"Uganda","Nabbingo","UG-SS-0000917","0.280422","32.478489","3"
"Rwanda","KANOMBE DEMOBE MEGA-STATION","RW-SS-0002705","-1.986606","30.18095","3"
"Uganda","Namuwongo","UG-SS-0001404","0.305969","32.612866","3"
"Uganda","BAKULI IR YC","UG-SS-0002375","0.312627","32.560642","3"
"Uganda","Serere UPPERSHOPS","UG-SS-0002340","1.523751","33.444085","2"
"Uganda","Mukono Hub","UG-SS-0002286","0.364864","32.753698","2"
"Uganda","Kyebando IR YC","UG-SS-0002351","0.358275","32.58033","2"
"Uganda","Nyakabirizi","UG-SS-0001449","-0.545129","30.219681","2"
"Uganda","KAKORO","UG-SS-0001324","1.176294","34.057437","2"
"Uganda","Hass Nalukolongo","UG-SS-0000632","0.29583","32.54432","2"
"Uganda","Nateete YC","UG-SS-0000181","0.299496","32.532452","2"
"Uganda","Kinoni","UG-SS-0000742","-0.353931","31.556176","2"
"Kenya","Embakasi","KE-SS-0000098","-1.325231924","36.896858909","2"
"Uganda","GASCO KAPCHORWA","UG-SS-0000738","1.402917","34.458537","2"
"Uganda","Makerere Kavule","UG-SS-0000182","0.344585","32.568687","2"
"Uganda","Bwera Almwa E-Piki","UG-SS-0001540","0.027552","29.758932","2"
"Uganda","Mukono","UG-SS-0000188","0.360412","32.745505","2"
"Uganda","MOGAS Mubende","UG-SS-0000348","0.5537133","31.3914468","2"
"Uganda","Adekokwok","UG-SS-0001059","2.2215102","32.9163019","2"
"Uganda","Matugga Lwadda IR YC","UG-SS-0001525","0.458625","32.526506","2"
"Uganda","Kasokoso","UG-SS-0001109","0.329827","32.644942","2"
"Uganda","Rukunyu","UG-SS-0001453","0.261435","30.447205","2"
"Uganda","Toroma","UG-SS-0001056","1.754871","33.961656","2"
"Uganda","Jumia Warehouse","UG-SS-0000914","0.33787","32.621762","2"
"Uganda","MOGAS Kyotera","UG-SS-0000368","-0.635306","31.539676","2"
"Uganda","Layibi","UG-SS-0001149","2.753197","32.299496","2"
"Uganda","Bunga YC","UG-SS-0000173","0.26578","32.624819","2"
"Kenya","Dandora Kwa Maji FOFO","KE-SS-0000955","-1.27048115","36.9001092","2"
"Uganda","Igayaza","UG-SS-0002391","0.951575","31.153588","2"
"Uganda","Television Soroti","UG-SS-0001564","1.7151754","33.651681","2"
"Uganda","Kiteezi","UG-SS-0000507","0.414505","32.571151","2"
"Uganda","Boroboro","UG-SS-0001044","2.187216","32.909406","2"
"Kenya","Devki","KE-SS-0002349","-1.4430835","36.9893428","2"
"Uganda","Gulu II","UG-SS-0001116","2.764818","32.286386","2"
"Uganda","Ndejje Lubugumu","UG-SS-0002321","0.2284","32.576397","2"
"Uganda","Ggaba IR YC","UG-SS-0001547","0.2571437","32.6328087","2"
"Uganda","NAGURU","UG-SS-0001403","0.33740833","32.6045699","2"
"Uganda","LUZINGA","UG-SS-0002170","0.69356","33.20251","2"
"Uganda","Kasese warehouse","UG-SS-0001200","0.165642","30.080574","2"
"Uganda","Magodes","UG-SS-0001233","0.838817","34.17559","2"
"Kenya","soweto FOFO","KE-SS-0001440","-1.288393","36.909023","2"
"Uganda","Lugogo Bypass YC","UG-SS-0000200","0.327009","32.605353","2"
"Uganda","Kitukutwe IR YC","UG-SS-0000839","0.43439","32.654122","2"
"Kenya","Kayole","KE-SS-0000090","-1.27179013","36.9118589","2"
"Kenya","Mlolongo","KE-SS-0000207","-1.39979079","36.9435094","2"
"Rwanda","KAREMBURE","RW-SS-0000327","-2.008303","30.090231","2"
"Uganda","Petro Mbale","UG-SS-0001246","1.074252","34.176545","1"
"Uganda","Kazo","UG-SS-0001458","-0.057532","30.754911","1"
"Uganda","Bugongi","UG-SS-0001465","-0.634051","30.255497","1"
"Uganda","Busembatya","UG-SS-0000699","0.77512","33.625795","1"
"Uganda","Iganga II","UG-SS-0000700","0.62399","33.495642","1"
"Uganda","Kyengera YC","UG-SS-0000174","0.291083","32.49844","1"
"Uganda","BWEYOGERERE IR YC","UG-SS-0001445","0.355922","32.665011","1"
"Uganda","Nsangi","UG-SS-0001245","0.284302","32.453839","1"
"Kenya","Dandora 2","KE-SS-0002409","-1.245275","36.90651326","1"
"Uganda","Kazo Lugoba","UG-SS-0002325","0.372214","32.551756","1"
"Kenya","DANDORA (Phase 1)","KE-SS-0000099","-1.26016211","36.8896731","1"
"Kenya","Bishan Plaza","KE-SS-0000095","-1.264168724","36.805684095","1"
"Uganda","MOGAS Kitumba","UG-SS-0000407","0.6504425","30.3009432","1"
"Kenya","Jomvu Petrocity","KE-SS-0000142","-4.00805","39.60409","1"
"Uganda","MOGAS Kyegegwa","UG-SS-0000377","0.483114","31.052675","1"
"Uganda","Bweyale","UG-SS-0001424","1.942359","32.131146","1"
"Uganda","Orungo","UG-SS-0001503","1.991282","34.084957","1"
"Uganda","Buhesi","UG-SS-0002390","0.583012","30.203895","1"
"Uganda","Buwenge","UG-SS-0002521","0.652528","33.168418","1"
"Uganda","Mbuya","UG-SS-0001216","0.334604","32.630151","1"
"Rwanda","KIMIRONKO -NEAR MARKET","RW-SS-0000717","-1.950979","30.125956","1"
"Uganda","Kajjansi","UG-SS-0000168","0.217249","32.544255","1"
"Uganda","KAGOMA IR YC","UG-SS-0002395","0.396885","32.547158","1"
"Uganda","Bukomansimbi","UG-SS-0001430","-0.17168","31.620657","1"
"Uganda","Mile 2 Mbarara","UG-SS-0001457","-0.592984","30.66614","1"
"Uganda","Kiti IR YC","UG-SS-0000827","0.46287","32.555414","1"
"Kenya","Athi River","KE-SS-0000308","-1.43659057","36.975214","1"
"Uganda","Lukaya annex","UG-SS-0002495","-0.154622","31.870708","1"
"Kenya","KILIFI 2","KE-SS-0000159","-3.61485279","39.8636306","1"
"Uganda","kitooro annex","UG-SS-0002488","0.059137","32.461586","1"
"Uganda","Matuga YC","UG-SS-0000194","0.466292","32.520685","1"
"Kenya","UMOJA (Phase 1)","KE-SS-0000080","-1.27732315","36.893679","1"
"Rwanda","KICUKIRO-NIBOYI PAROISSE","RW-SS-0000875","-1.97852","30.113028","1"
"Uganda","Kanyanda","UG-SS-0001107","0.595508","32.379468","1"
"Rwanda","KIMIRONKO_MEDI_MOTEL","RW-SS-0000339","-1.948396","30.126156","1"
"Uganda","LYANTONDE IR YC","UG-SS-0002393","-0.407221","31.152822","1"
"Uganda","Hass Hoima","UG-SS-0000901","1.432999","31.350072","1"
"Uganda","Nakivale","UG-SS-0001498","-0.78143","30.949668","1"
"Uganda","Kyengera Market","UG-SS-0001244","0.296225","32.501245","1"
"Uganda","Lwaboba","UG-SS-0001522","0.868255","34.173546","1"
"Uganda","Kaliro","UG-SS-0000362","0.890948","33.50404","1"
"Uganda","Mugongo Kyengera","UG-SS-0000510","0.285777","32.503536","1"
"Uganda","Lusaze","UG-SS-0000197","0.32047","32.546577","1"
"Kenya","Test Station","SS-KE-001",,,"1"
"Uganda","Buloba","UG-SS-0000360","0.3212752","32.4361618","1"
"Uganda","Hannex Kanoni","UG-SS-0001461","-0.108939","30.608978","1"
"Uganda","Katwe","UG-SS-0001469","0.296313","32.573163","1"
"Uganda","Conrad House - Dewinton Rd","UG-SS-0001043","0.3166","32.59256","1"
"Uganda","HASS Kisenyi 1","UG-SS-0000378","0.307921","32.567888","1"
"Uganda","Kashenyi","UG-SS-0001248","-0.584427","30.13314","1"
"Uganda","Hass Kasangati","UG-SS-0000633","0.43203","32.6002","1"
"Uganda","Mogas Namanve","UG-SS-0000311","0.3650089","32.7015462","1"
"Uganda","Petrocity Sonde","UG-SS-0000411","0.3964686","32.695795","1"
"Uganda","Mbarara Highway YC","UG-SS-0000166","-0.601877","30.663387","1"
"Uganda","Meru Kawanda","UG-SS-0000309","0.4163159","32.5367608","1"
"Uganda","Banda kireka","UG-SS-0002582","0.34304","32.6366229","1"
"Uganda","Petrocity Sembabule","UG-SS-0000434","-0.08151","31.45895","1"
"Rwanda","Warehouse 1(OLD)","RW-WH-0000024",,,"1"
"Uganda","Wanyange","UG-SS-0000948","0.473611","33.259141","1"
"Uganda","Ntinda II","UG-SS-0002285","0.35702","32.615911","1"
"Uganda","OYAM LORO","UG-SS-0001396","2.245066","32.529381","1"
"Uganda","Meru Makindye","UG-SS-0000310","0.289668","32.57993","1"
"Uganda","Hass Wakiso","UG-SS-0000635","0.40356","32.474422","1"
"Uganda","Kazo-Nabweru","UG-SS-0001223","0.353069","32.55246","1"
